slug,nom,categorie,prix,image,description
morinzhi,DXN Morinzhi 285 ml,Alimentation & boissons,30,morinzhi.webp,"Boisson à base de noni et de fruits, à diluer, pour accompagner une routine quotidienne simple."
lingzhi-coffee,DXN Lingzhi Black Coffee,Alimentation & boissons,30,,"Café noir instantané enrichi en extrait de Ganoderma, sans sucre ajouté."
roselle,DXN Roselle,Alimentation & boissons,27,roselle.webp,"Boisson à l'hibiscus, acidulée et rafraîchissante, à préparer chaude ou froide."
natural-shield-deo,Natural Shield Prot Deodorant — sans aluminium,Beauté & soin,18,natural-shield-deo.webp,"Déodorant quotidien sans sels d'aluminium, formulé pour les peaux sensibles."
kallow-cosmetics,DXN Kallow Cosmetics — coffret,Beauté & soin,200,kallow-cosmetics.webp,"Coffret complet de la gamme Kallow, pensé pour une routine visage structurée."
divine-eye-cream,Divine Touch Lifting Impact Eye Cream,Beauté & soin,50,divine-eye-cream.webp,"Soin contour des yeux à la texture légère, application matin et soir."
divine-dry-oil,Divine Touch Multi-Purpose Dry Oil,Beauté & soin,45,divine-dry-oil.webp,"Huile sèche multi-usages pour le corps et les longueurs, finition non grasse."
divine-night-oil,Divine Touch Nourishing Night Oil,Beauté & soin,50,divine-night-oil.webp,"Huile de nuit nourrissante, quelques gouttes suffisent sur peau propre."
divine-face-cream,Divine Touch Lifting Impact Face Cream,Beauté & soin,55,divine-face-cream.webp,"Crème visage de la gamme Kallow, texture riche pour un usage quotidien."
ganozhi-soap,Ganozhi Soap,Soin personnel,15,ganozhi-soap.webp,"Savon corps et visage à l'extrait de Ganoderma, usage quotidien."
ganozhi-shampoo,Ganozhi Shampoo,Soin personnel,25,ganozhi-shampoo.webp,"Shampooing doux à l'extrait de Ganoderma, convient à un usage fréquent."
ganozhi-body-foam,Ganozhi Body Foam,Soin personnel,25,ganozhi-body-foam.webp,"Mousse lavante corps, texture souple et rinçage rapide."
rg-90,DXN RG — 90 gélules,Compléments,61,rg-90.webp,"Complément alimentaire à base de Ganoderma lucidum, 90 gélules."
reishi-powder,Reishi Mushroom Powder,Compléments,40.50,reishi-powder.webp,"Poudre de reishi à incorporer dans une boisson chaude ou une préparation."
cordyceps,Cordyceps,Compléments,75,cordyceps.webp,"Complément alimentaire à base de cordyceps, en poudre."
poria-s,DXN Poria S Powder,Compléments,35,poria-s.webp,"Poudre de poria, à diluer selon les conseils figurant sur l'emballage."
lions-mane,Lion's Mane,Compléments,48,lions-mane.webp,"Complément alimentaire à base d'hericium (crinière de lion)."
mycoveggie,DXN MycoVeggie,Compléments,118,mycoveggie.webp,"Mélange de champignons et de légumes en poudre, format familial."
spirulina,Spirulina,Compléments,95,spirulina.webp,"Spiruline en comprimés, à prendre selon les conseils d'utilisation."
